"split","pivot_type","predicted_date","true_date","date_error_days","predicted_price","true_price","matched"
"train","high",2022-01-06,2022-01-04,2,30.4638861246799,30.2770004272461,TRUE
"train","low",2022-02-04,2022-02-04,0,24.7324049231849,23.9720001220703,TRUE
"train","high",2022-02-18,2022-02-16,2,25.501911602703,26.2590007781982,TRUE
"train","low",2022-03-18,2022-03-15,3,22.0935407873359,21.5179996490479,TRUE
"train","high",2022-04-07,NA,NA,28.5494166049262,NA,FALSE
"train","low",2022-06-01,2022-06-02,1,15.9091862047443,18.2919998168945,TRUE
"train","high",2022-06-13,2022-06-15,2,17.2414230622912,16.0949993133545,TRUE
"train","low",2022-06-29,NA,NA,14.612015927209,NA,FALSE
"train","high",2022-07-06,2022-07-11,5,14.7999207640455,15.5260000228882,TRUE
"train","low",2022-07-12,2022-07-13,1,14.7148180767589,14.5900001525879,TRUE
"train","high",2022-08-11,2022-08-16,5,18.0306058071988,18.9200000762939,TRUE
"train","low",2022-08-16,NA,NA,17.959208891281,NA,FALSE
"train","high",2022-08-23,2022-08-26,3,18.1951163420824,17.8570003509521,TRUE
"train","low",2022-10-24,NA,NA,10.3361222025521,NA,FALSE
"train","high",2022-12-27,NA,NA,17.244342719439,NA,FALSE
"train","low",2023-01-12,NA,NA,15.06644095499,NA,FALSE
"train","high",2023-02-22,2023-02-27,5,22.599289757387,23.6700000762939,TRUE
"train","low",2023-02-28,2023-03-02,2,22.3143773669657,22.488000869751,TRUE
"train","high",2023-04-12,2023-04-11,1,28.0338137258501,27.7240009307861,TRUE
"train","low",2023-04-20,2023-04-21,1,27.8361989253835,26.9519996643066,TRUE
"train","high",2023-06-14,NA,NA,42.7108365372934,NA,FALSE
"train","low",2023-06-20,2023-06-22,2,42.4660743278557,42.2529983520508,TRUE
"train","high",2023-06-30,2023-07-03,3,43.6981198983756,42.5169982910156,TRUE
"train","low",2023-07-05,2023-07-06,1,43.6320658968249,41.8440017700195,TRUE
"train","high",2023-08-04,2023-08-07,3,50.6304412139151,45.1110000610352,TRUE
"train","low",2023-08-22,2023-08-18,4,46.9474458701808,42.6349983215332,TRUE
"train","high",2023-09-11,2023-09-11,0,52.6318495185581,46.1479988098145,TRUE
"train","low",2023-10-02,2023-10-04,2,43.9779285778066,43.742000579834,TRUE
"train","high",2023-10-20,2023-10-25,5,49.6166930685941,43.3979988098145,TRUE
"train","low",2023-11-07,NA,NA,45.8153111048521,NA,FALSE
"train","high",2023-11-30,2023-11-29,1,53.7003477182344,48.3790016174316,TRUE
"train","low",2023-12-15,2023-12-12,3,51.3370268210677,46.0460014343262,TRUE
"train","high",2024-01-04,NA,NA,54.4386182470385,NA,FALSE
"train","low",2024-01-10,NA,NA,54.1407655889759,NA,FALSE
"train","high",2024-04-02,2024-04-04,2,99.7176540943657,90.4059982299805,TRUE
"train","low",2024-04-30,2024-05-02,2,91.074774612148,84.4489974975586,TRUE
"train","high",2024-06-25,2024-06-26,1,136.10813377341,126.129997253418,TRUE
"train","low",2024-07-08,2024-07-12,4,132.665891336494,128.259994506836,TRUE
"train","high",2024-07-17,NA,NA,136.873339025831,NA,FALSE
"train","low",2024-08-13,2024-08-08,5,118.078287192738,102,TRUE
"train","high",2024-08-29,NA,NA,135.459185595889,NA,FALSE
"train","low",2024-09-13,2024-09-09,4,120.185978003145,104.879997253418,TRUE
"train","high",2024-10-31,2024-10-28,3,147.068051474616,143,TRUE
"train","low",2024-11-07,2024-11-12,5,144.994306375299,146.779998779297,TRUE
"train","high",2024-11-19,2024-11-21,2,150.995347555786,149.350006103516,TRUE
"train","low",2024-12-05,NA,NA,146.744877128098,NA,FALSE
"train","high",2024-12-11,2024-12-13,2,147.810013779433,138.940002441406,TRUE
"train","low",2024-12-24,2024-12-20,4,141.40122609918,129.809997558594,TRUE
"train","high",2025-01-13,NA,NA,147.681140314031,NA,FALSE
"train","low",2025-01-22,NA,NA,144.409896538993,NA,FALSE
"train","high",2025-01-28,2025-01-29,1,146.15692792855,126.5,TRUE
"train","low",2025-02-10,2025-02-12,2,134.359019409314,130.020004272461,TRUE
"train","high",2025-02-25,2025-02-27,2,144.247085829877,135,TRUE
"train","low",2025-03-17,2025-03-20,3,124.550656400698,116.550003051758,TRUE
"train","high",2025-03-27,2025-03-25,2,129.695239415713,120.550003051758,TRUE
"train","low",NA,2022-01-10,NA,NA,26.5809993743896,FALSE
"train","high",NA,2022-01-13,NA,NA,28.378999710083,FALSE
"train","low",NA,2022-01-24,NA,NA,22.3299999237061,FALSE
"train","high",NA,2022-01-27,NA,NA,23.568000793457,FALSE
"train","low",NA,2022-01-28,NA,NA,22.011999130249,FALSE
"train","high",NA,2022-02-02,NA,NA,25.7940006256104,FALSE
"train","high",NA,2022-02-10,NA,NA,25.9950008392334,FALSE
"train","low",NA,2022-02-14,NA,NA,23.9340000152588,FALSE
"train","low",NA,2022-02-24,NA,NA,21.0149993896484,FALSE
"train","high",NA,2022-03-01,NA,NA,24.2910003662109,FALSE
"train","low",NA,2022-03-08,NA,NA,21.3090000152588,FALSE
"train","high",NA,2022-03-11,NA,NA,23.0219993591309,FALSE
"train","high",NA,2022-03-22,NA,NA,26.7269992828369,FALSE
"train","low",NA,2022-03-23,NA,NA,26.1259994506836,FALSE
"train","high",NA,2022-03-29,NA,NA,28.6949996948242,FALSE
"train","low",NA,2022-04-18,NA,NA,21.2000007629395,FALSE
"train","high",NA,2022-04-20,NA,NA,22.5170001983643,FALSE
"train","low",NA,2022-04-27,NA,NA,18.5979995727539,FALSE
"train","high",NA,2022-04-29,NA,NA,19.4020004272461,FALSE
"train","low",NA,2022-05-02,NA,NA,18.5410003662109,FALSE
"train","high",NA,2022-05-04,NA,NA,19.9230003356934,FALSE
"train","low",NA,2022-05-12,NA,NA,16.2189998626709,FALSE
"train","high",NA,2022-05-17,NA,NA,18.0739994049072,FALSE
"train","low",NA,2022-05-25,NA,NA,16.0200004577637,FALSE
"train","high",NA,2022-05-31,NA,NA,18.9799995422363,FALSE
"train","high",NA,2022-06-06,NA,NA,19.1389999389648,FALSE
"train","low",NA,2022-06-07,NA,NA,18.4720001220703,FALSE
"train","low",NA,2022-06-14,NA,NA,15.7309999465942,FALSE
"train","low",NA,2022-06-17,NA,NA,15.6479997634888,FALSE
"train","high",NA,2022-06-27,NA,NA,17.3120002746582,FALSE
"train","low",NA,2022-07-05,NA,NA,14.1750001907349,FALSE
"train","high",NA,2022-07-22,NA,NA,17.8929996490479,FALSE
"train","low",NA,2022-07-26,NA,NA,16.8889999389648,FALSE
"train","high",NA,2022-08-04,NA,NA,18.8490009307861,FALSE
"train","low",NA,2022-08-09,NA,NA,17.2520008087158,FALSE
"train","low",NA,2022-09-08,NA,NA,13.4589996337891,FALSE
"train","high",NA,2022-09-12,NA,NA,14.3690004348755,FALSE
"train","low",NA,2022-09-16,NA,NA,12.7419996261597,FALSE
"train","high",NA,2022-09-20,NA,NA,13.2150001525879,FALSE
"train","low",NA,2022-09-23,NA,NA,12.4200000762939,FALSE
"train","high",NA,2022-09-27,NA,NA,12.5069999694824,FALSE
"train","low",NA,2022-09-30,NA,NA,12.0869998931885,FALSE
"train","high",NA,2022-10-06,NA,NA,13.2200002670288,FALSE
"train","low",NA,2022-10-13,NA,NA,10.9709997177124,FALSE
"train","high",NA,2022-10-18,NA,NA,12.3439998626709,FALSE
"train","low",NA,2022-11-03,NA,NA,13.0430002212524,FALSE
"train","high",NA,2022-11-08,NA,NA,14.8009996414185,FALSE
"train","low",NA,2022-11-09,NA,NA,14.1619997024536,FALSE
"train","high",NA,2022-11-15,NA,NA,16.7220001220703,FALSE
"train","low",NA,2022-11-21,NA,NA,15.1470003128052,FALSE
"train","high",NA,2022-11-25,NA,NA,16.318000793457,FALSE
"train","low",NA,2022-11-30,NA,NA,15.6969995498657,FALSE
"train","high",NA,2022-12-01,NA,NA,16.9990005493164,FALSE
"train","low",NA,2022-12-07,NA,NA,15.7720003128052,FALSE
"train","high",NA,2022-12-13,NA,NA,18.5310001373291,FALSE
"train","low",NA,2022-12-20,NA,NA,16.0639991760254,FALSE
"train","low",NA,2022-12-28,NA,NA,13.9270000457764,FALSE
"train","high",NA,2023-01-03,NA,NA,14.8509998321533,FALSE
"train","low",NA,2023-01-06,NA,NA,14.4739999771118,FALSE
"train","high",NA,2023-01-18,NA,NA,17.6669998168945,FALSE
"train","low",NA,2023-01-20,NA,NA,17.0109996795654,FALSE
"train","high",NA,2023-01-30,NA,NA,19.9500007629395,FALSE
"train","low",NA,2023-01-31,NA,NA,19.1700000762939,FALSE
"train","low",NA,2023-02-06,NA,NA,20.8059997558594,FALSE
"train","high",NA,2023-02-09,NA,NA,22.6060009002686,FALSE
"train","low",NA,2023-02-13,NA,NA,21.5380001068115,FALSE
"train","high",NA,2023-02-15,NA,NA,22.548999786377,FALSE
"train","low",NA,2023-02-22,NA,NA,20.7070007324219,FALSE
"train","high",NA,2023-03-06,NA,NA,23.8910007476807,FALSE
"train","high",NA,2023-03-09,NA,NA,24.1749992370605,FALSE
"train","low",NA,2023-03-13,NA,NA,22.7520008087158,FALSE
"train","high",NA,2023-03-23,NA,NA,27.1149997711182,FALSE
"train","low",NA,2023-03-28,NA,NA,26.44700050354,FALSE
"train","high",NA,2023-04-04,NA,NA,27.9659996032715,FALSE
"train","low",NA,2023-04-06,NA,NA,26.5839996337891,FALSE
"train","low",NA,2023-04-14,NA,NA,26.503999710083,FALSE
"train","high",NA,2023-04-20,NA,NA,27.6709995269775,FALSE
"train","low",NA,2023-04-26,NA,NA,27.0020008087158,FALSE
"train","high",NA,2023-05-02,NA,NA,28.6800003051758,FALSE
"train","low",NA,2023-05-04,NA,NA,27.6509990692139,FALSE
"train","high",NA,2023-05-10,NA,NA,29.0049991607666,FALSE
"train","low",NA,2023-05-15,NA,NA,28.507999420166,FALSE
"train","high",NA,2023-05-19,NA,NA,31.5359992980957,FALSE
"train","low",NA,2023-05-24,NA,NA,30.2099990844727,FALSE
"train","high",NA,2023-05-30,NA,NA,40.5950012207031,FALSE
"train","low",NA,2023-06-01,NA,NA,38.4889984130859,FALSE
"train","high",NA,2023-06-02,NA,NA,40.0970001220703,FALSE
"train","low",NA,2023-06-08,NA,NA,37.7239990234375,FALSE
"train","high",NA,2023-06-21,NA,NA,43.5009994506836,FALSE
"train","low",NA,2023-06-28,NA,NA,40.6599998474121,FALSE
"train","high",NA,2023-07-19,NA,NA,47.4640007019043,FALSE
"train","low",NA,2023-07-24,NA,NA,44.7309989929199,FALSE
"train","high",NA,2023-07-31,NA,NA,46.7540016174316,FALSE
"train","low",NA,2023-08-03,NA,NA,43.7999992370605,FALSE
"train","low",NA,2023-08-14,NA,NA,40.4860000610352,FALSE
"train","high",NA,2023-08-15,NA,NA,44.560001373291,FALSE
"train","high",NA,2023-08-24,NA,NA,50.2159996032715,FALSE
"train","low",NA,2023-08-28,NA,NA,46.4819984436035,FALSE
"train","high",NA,2023-09-01,NA,NA,49.7620010375977,FALSE
"train","low",NA,2023-09-07,NA,NA,45.5250015258789,FALSE
"train","low",NA,2023-09-13,NA,NA,44.5999984741211,FALSE
"train","high",NA,2023-09-14,NA,NA,45.9500007629395,FALSE
"train","low",NA,2023-09-18,NA,NA,42.7480010986328,FALSE
"train","low",NA,2023-09-22,NA,NA,41.5719985961914,FALSE
"train","high",NA,2023-10-03,NA,NA,44.8079986572266,FALSE
"train","high",NA,2023-10-13,NA,NA,46.9599990844727,FALSE
"train","low",NA,2023-10-23,NA,NA,41.2290000915527,FALSE
"train","low",NA,2023-10-31,NA,NA,40.4500007629395,FALSE
"train","high",NA,2023-11-15,NA,NA,49.935001373291,FALSE
"train","low",NA,2023-11-16,NA,NA,48.6790008544922,FALSE
"train","high",NA,2023-11-21,NA,NA,50.1259994506836,FALSE
"train","low",NA,2023-11-27,NA,NA,47.7999992370605,FALSE
"train","low",NA,2023-12-05,NA,NA,45.4659996032715,FALSE
"train","high",NA,2023-12-06,NA,NA,47.2150001525879,FALSE
"train","high",NA,2023-12-20,NA,NA,49.6549987792969,FALSE
"train","low",NA,2023-12-21,NA,NA,48.8110008239746,FALSE
"train","high",NA,2023-12-29,NA,NA,49.8129997253418,FALSE
"train","low",NA,2024-01-03,NA,NA,47.4850006103516,FALSE
"train","high",NA,2024-01-25,NA,NA,62.3499984741211,FALSE
"train","high",NA,2024-01-30,NA,NA,62.9000015258789,FALSE
"train","low",NA,2024-02-13,NA,NA,70.4000015258789,FALSE
"train","high",NA,2024-02-16,NA,NA,74.0999984741211,FALSE
"train","low",NA,2024-02-21,NA,NA,68.0059967041016,FALSE
"train","high",NA,2024-02-23,NA,NA,80.7900009155273,FALSE
"train","low",NA,2024-02-28,NA,NA,77.620002746582,FALSE
"train","high",NA,2024-03-08,NA,NA,95.1380004882812,FALSE
"train","low",NA,2024-03-11,NA,NA,86.4290008544922,FALSE
"train","high",NA,2024-03-13,NA,NA,91.0550003051758,FALSE
"train","high",NA,2024-03-18,NA,NA,90.3880004882812,FALSE
"train","low",NA,2024-03-19,NA,NA,86.6999969482422,FALSE
"train","high",NA,2024-03-26,NA,NA,95.8509979248047,FALSE
"train","low",NA,2024-04-02,NA,NA,88.447998046875,FALSE
"train","low",NA,2024-04-05,NA,NA,86.8659973144531,FALSE
"train","low",NA,2024-04-10,NA,NA,83.9260025024414,FALSE
"train","high",NA,2024-04-12,NA,NA,89.6989974975586,FALSE
"train","low",NA,2024-04-22,NA,NA,78.1039962768555,FALSE
"train","high",NA,2024-04-24,NA,NA,83.9499969482422,FALSE
"train","low",NA,2024-04-25,NA,NA,78.8679962158203,FALSE
"train","high",NA,2024-04-29,NA,NA,87.5950012207031,FALSE
"train","high",NA,2024-05-07,NA,NA,91.0979995727539,FALSE
"train","low",NA,2024-05-14,NA,NA,89.5989990234375,FALSE
"train","high",NA,2024-05-16,NA,NA,94.9100036621094,FALSE
"train","low",NA,2024-05-21,NA,NA,93.5989990234375,FALSE
"train","high",NA,2024-05-30,NA,NA,114.650001525879,FALSE
"train","low",NA,2024-05-31,NA,NA,112.519996643066,FALSE
"train","high",NA,2024-06-06,NA,NA,124.047996520996,FALSE
"train","high",NA,2024-06-20,NA,NA,139.800003051758,FALSE
"train","low",NA,2024-06-25,NA,NA,121.199996948242,FALSE
"train","low",NA,2024-07-02,NA,NA,121.129997253418,FALSE
"train","high",NA,2024-07-11,NA,NA,135.75,FALSE
"train","high",NA,2024-07-23,NA,NA,122.779998779297,FALSE
"train","low",NA,2024-07-25,NA,NA,113.040000915527,FALSE
"train","low",NA,2024-07-30,NA,NA,111.519996643066,FALSE
"train","high",NA,2024-08-01,NA,NA,117.529998779297,FALSE
"train","low",NA,2024-08-05,NA,NA,92.0599975585938,FALSE
"train","high",NA,2024-08-07,NA,NA,107.809997558594,FALSE
"train","high",NA,2024-08-22,NA,NA,130.020004272461,FALSE
"train","high",NA,2024-09-06,NA,NA,108.040000915527,FALSE
"train","high",NA,2024-09-13,NA,NA,119.080001831055,FALSE
"train","low",NA,2024-09-18,NA,NA,115.889999389648,FALSE
"train","low",NA,2024-09-24,NA,NA,116.519996643066,FALSE
"train","high",NA,2024-09-26,NA,NA,126.800003051758,FALSE
"train","low",NA,2024-10-02,NA,NA,116.440002441406,FALSE
"train","high",NA,2024-10-09,NA,NA,134.110000610352,FALSE
"train","low",NA,2024-10-16,NA,NA,133.979995727539,FALSE
"train","high",NA,2024-10-17,NA,NA,139.339996337891,FALSE
"train","low",NA,2024-10-21,NA,NA,138.130004882812,FALSE
"train","high",NA,2024-10-22,NA,NA,142.910003662109,FALSE
"train","low",NA,2024-10-24,NA,NA,140.820007324219,FALSE
"train","low",NA,2024-11-01,NA,NA,134.699996948242,FALSE
"train","high",NA,2024-11-08,NA,NA,148.770004272461,FALSE
"train","high",NA,2024-11-13,NA,NA,149.070007324219,FALSE
"train","low",NA,2024-11-18,NA,NA,139.5,FALSE
"train","low",NA,2024-11-27,NA,NA,135.009994506836,FALSE
"train","high",NA,2024-12-05,NA,NA,145.110000610352,FALSE
"train","low",NA,2024-12-17,NA,NA,129.089996337891,FALSE
"train","high",NA,2024-12-24,NA,NA,140,FALSE
"train","low",NA,2024-12-30,NA,NA,134.830001831055,FALSE
"train","high",NA,2025-01-07,NA,NA,153.029998779297,FALSE
"train","low",NA,2025-01-13,NA,NA,129.990005493164,FALSE
"train","high",NA,2025-01-24,NA,NA,148.369995117188,FALSE
"train","low",NA,2025-01-28,NA,NA,121.809997558594,FALSE
"train","low",NA,2025-02-03,NA,NA,114.75,FALSE
"train","high",NA,2025-02-11,NA,NA,132.580001831055,FALSE
"train","high",NA,2025-02-18,NA,NA,141.270004272461,FALSE
"train","high",NA,2025-02-21,NA,NA,140.039993286133,FALSE
"train","low",NA,2025-02-25,NA,NA,129.979995727539,FALSE
"train","low",NA,2025-03-04,NA,NA,110.650001525879,FALSE
"train","low",NA,2025-03-11,NA,NA,106.98999786377,FALSE
"train","high",NA,2025-03-17,NA,NA,122.73999786377,FALSE
"train","low",NA,2025-03-31,NA,NA,105.129997253418,FALSE
"validate","low",2025-04-14,NA,NA,114.066850794505,NA,FALSE
"validate","high",2025-04-22,NA,NA,119.138487363762,NA,FALSE
"validate","low",2025-04-30,2025-04-30,0,116.872473553612,104.470001220703,TRUE
"validate","high",2025-08-19,2025-08-19,0,173.652327325969,182.429992675781,TRUE
"validate","low",2025-08-27,2025-08-22,5,171.273130098472,172.610000610352,TRUE
"validate","high",2025-09-02,NA,NA,171.567422224852,NA,FALSE
"validate","low",2025-09-12,2025-09-08,4,167.797881829221,167.550003051758,TRUE
"validate","high",2025-10-14,2025-10-10,4,176.673317798118,193.509994506836,TRUE
"validate","low",2025-10-27,2025-10-23,4,173.348009826196,180.419998168945,TRUE
"validate","high",2025-11-07,2025-11-03,4,183.719563426421,208.080001831055,TRUE
"validate","low",2025-12-04,2025-12-01,3,172.355023687259,174.759994506836,TRUE
"validate","high",2025-12-12,2025-12-09,3,173.83295339456,185.559997558594,TRUE
"validate","low",2025-12-23,2025-12-18,5,169.894438039956,174.529998779297,TRUE
"validate","high",NA,2025-04-14,NA,NA,114.110000610352,FALSE
"validate","low",NA,2025-04-21,NA,NA,98.7699966430664,FALSE
"validate","high",NA,2025-04-28,NA,NA,109.690002441406,FALSE
"validate","high",NA,2025-05-02,NA,NA,114.180000305176,FALSE
"validate","low",NA,2025-05-06,NA,NA,111.480003356934,FALSE
"validate","high",NA,2025-05-16,NA,NA,136.220001220703,FALSE
"validate","low",NA,2025-05-19,NA,NA,132.389999389648,FALSE
"validate","low",NA,2025-05-23,NA,NA,130,FALSE
"validate","high",NA,2025-05-29,NA,NA,142.25,FALSE
"validate","low",NA,2025-06-02,NA,NA,135.490005493164,FALSE
"validate","high",NA,2025-06-11,NA,NA,144.610000610352,FALSE
"validate","low",NA,2025-06-12,NA,NA,141.970001220703,FALSE
"validate","low",NA,2025-06-23,NA,NA,142.5,FALSE
"validate","high",NA,2025-06-30,NA,NA,158.399993896484,FALSE
"validate","low",NA,2025-07-02,NA,NA,152.979995727539,FALSE
"validate","high",NA,2025-07-18,NA,NA,173.639999389648,FALSE
"validate","low",NA,2025-07-23,NA,NA,169.529998779297,FALSE
"validate","high",NA,2025-07-31,NA,NA,182.899993896484,FALSE
"validate","low",NA,2025-08-01,NA,NA,174.089996337891,FALSE
"validate","high",NA,2025-08-12,NA,NA,182.960006713867,FALSE
"validate","low",NA,2025-08-14,NA,NA,179.75,FALSE
"validate","high",NA,2025-08-27,NA,NA,181.979995727539,FALSE
"validate","low",NA,2025-09-02,NA,NA,170,FALSE
"validate","high",NA,2025-09-11,NA,NA,179.679992675781,FALSE
"validate","low",NA,2025-09-17,NA,NA,172.639999389648,FALSE
"validate","high",NA,2025-09-23,NA,NA,181.970001220703,FALSE
"validate","low",NA,2025-09-25,NA,NA,174.479995727539,FALSE
"validate","high",NA,2025-10-02,NA,NA,189.600006103516,FALSE
"validate","low",NA,2025-10-06,NA,NA,185.5,FALSE
"validate","low",NA,2025-10-17,NA,NA,180.179992675781,FALSE
"validate","high",NA,2025-10-20,NA,NA,183.130004882812,FALSE
"validate","high",NA,2025-10-29,NA,NA,207.979995727539,FALSE
"validate","low",NA,2025-11-07,NA,NA,184.899993896484,FALSE
"validate","high",NA,2025-11-12,NA,NA,195.720001220703,FALSE
"validate","low",NA,2025-11-14,NA,NA,182.860000610352,FALSE
"validate","high",NA,2025-11-20,NA,NA,195.949996948242,FALSE
"validate","low",NA,2025-11-25,NA,NA,174.910003662109,FALSE
"validate","high",NA,2025-11-26,NA,NA,181.630004882812,FALSE
"validate","high",NA,2025-12-02,NA,NA,181.759994506836,FALSE
"validate","high",NA,2025-12-26,NA,NA,189.919998168945,FALSE
"validate","low",NA,2025-12-29,NA,NA,187.710006713867,FALSE
"test","high",2026-01-08,NA,NA,176.723766425376,NA,FALSE
"test","low",2026-01-23,2026-01-21,2,174.197761829736,179.050003051758,TRUE
"test","high",2026-02-04,NA,NA,177.107355500911,NA,FALSE
"test","low",2026-02-11,NA,NA,173.729092558383,NA,FALSE
"test","high",2026-02-27,2026-02-25,2,177.470639808375,194.449996948242,TRUE
"test","low",2026-03-11,2026-03-09,2,173.259102376346,176.830001831055,TRUE
"test","high",2026-03-19,2026-03-17,2,174.057000168183,185.059997558594,TRUE
"test","low",2026-04-06,NA,NA,167.341591861837,NA,FALSE
"test","high",2026-05-04,2026-04-29,5,185.768973286607,212.699996948242,TRUE
"test","low",2026-05-08,2026-05-05,3,184.279527947706,199.300003051758,TRUE
"test","high",2026-05-22,2026-05-18,4,193.713370440672,229.869995117188,TRUE
"test","low",2026-06-03,NA,NA,189.963067923713,NA,FALSE
"test","high",2026-06-05,2026-06-02,3,190.270603026433,227.179992675781,TRUE
"test","low",2026-07-09,2026-07-07,2,180.066771213507,192.369995117188,TRUE
"test","high",2026-07-27,2026-07-23,4,185.642284404258,209.460006713867,TRUE
"test","low",2026-08-04,2026-07-30,5,181.74239721977,193.449996948242,TRUE
"test","high",2026-08-20,NA,NA,192.803940369842,NA,FALSE
"test","low",2026-08-31,2026-09-01,1,189.11602548055,216.75,TRUE
"test","high",2026-09-14,NA,NA,193.650102205884,NA,FALSE
"test","low",2026-09-22,2026-09-24,2,190.170552509535,222.080001831055,TRUE
"test","low",NA,2026-01-12,NA,NA,183.220001220703,FALSE
"test","high",NA,2026-01-16,NA,NA,189.080001831055,FALSE
"test","high",NA,2026-01-23,NA,NA,187.5,FALSE
"test","high",NA,2026-01-29,NA,NA,191.339996337891,FALSE
"test","low",NA,2026-02-05,NA,NA,174.929992675781,FALSE
"test","high",NA,2026-02-12,NA,NA,193.029998779297,FALSE
"test","low",NA,2026-02-17,NA,NA,181.75,FALSE
"test","high",NA,2026-02-18,NA,NA,188.75,FALSE
"test","low",NA,2026-02-20,NA,NA,186.570007324219,FALSE
"test","low",NA,2026-03-02,NA,NA,175.009994506836,FALSE
"test","high",NA,2026-03-05,NA,NA,181.169998168945,FALSE
"test","high",NA,2026-03-11,NA,NA,185.910003662109,FALSE
"test","low",NA,2026-03-24,NA,NA,174.830001831055,FALSE
"test","low",NA,2026-03-31,NA,NA,166.970001220703,FALSE
"test","high",NA,2026-04-08,NA,NA,184.5,FALSE
"test","low",NA,2026-04-24,NA,NA,199.960006713867,FALSE
"test","low",NA,2026-05-19,NA,NA,219.619995117188,FALSE
"test","low",NA,2026-05-28,NA,NA,211.279998779297,FALSE
"test","low",NA,2026-06-11,NA,NA,201.490005493164,FALSE
"test","high",NA,2026-06-16,NA,NA,211.179992675781,FALSE
"test","high",NA,2026-06-22,NA,NA,211.440002441406,FALSE
"test","low",NA,2026-06-26,NA,NA,193.119995117188,FALSE
"test","high",NA,2026-06-30,NA,NA,197.240005493164,FALSE
"test","high",NA,2026-07-15,NA,NA,211.960006713867,FALSE
"test","low",NA,2026-07-17,NA,NA,202.639999389648,FALSE
"test","low",NA,2026-07-22,NA,NA,205.809997558594,FALSE
"test","high",NA,2026-08-10,NA,NA,223.399993896484,FALSE
"test","low",NA,2026-08-12,NA,NA,221.039993286133,FALSE
"test","high",NA,2026-08-14,NA,NA,226.770004272461,FALSE
"test","low",NA,2026-08-25,NA,NA,211.029998779297,FALSE
"test","high",NA,2026-08-28,NA,NA,227.360000610352,FALSE
"test","high",NA,2026-09-08,NA,NA,233.110000610352,FALSE
"test","low",NA,2026-09-14,NA,NA,211.240005493164,FALSE
"test","high",NA,2026-09-23,NA,NA,228.029998779297,FALSE
"test","high",NA,2026-09-29,NA,NA,230.970001220703,FALSE
"test","low",NA,2026-09-30,NA,NA,229.270004272461,FALSE
