split,pivot_type,predicted_date,true_date,date_error_days,predicted_price,true_price,matched
train,high,2022-01-06,2022-01-03,3,387.2997430953446,399.9266662597656,True
train,low,2022-01-12,2022-01-07,5,354.63625027172293,342.32000732421875,True
train,high,2022-01-18,,,357.59593308961394,,False
train,low,2022-02-01,2022-02-03,2,298.4915316610468,297.0466613769531,True
train,high,2022-02-11,2022-02-09,2,316.0514861708307,310.6666564941406,True
train,low,2022-02-16,2022-02-11,5,306.53808068770013,286.6666564941406,True
train,high,2022-02-18,2022-02-16,2,306.78940377796516,307.7966613769531,True
train,low,2022-03-01,,,272.79605017813105,,False
train,high,2022-03-07,2022-03-09,2,294.838505562042,286.3233337402344,True
train,low,2022-03-17,2022-03-14,3,273.5159173297304,255.4566650390625,True
train,high,2022-04-06,2022-04-04,2,374.9514521531991,381.8166809082031,True
train,low,2022-04-18,2022-04-20,2,335.6677164812154,325.73333740234375,True
train,high,2022-04-25,,,347.7899008448858,,False
train,low,2022-05-04,2022-04-29,5,296.4957045811516,290.2533264160156,True
train,high,2022-05-09,2022-05-13,4,306.5098949205676,256.5299987792969,True
train,low,2022-05-27,2022-05-24,3,226.10906351291214,209.3866729736328,True
train,high,2022-06-06,2022-06-08,2,261.8335816119568,241.8666687011719,True
train,low,2022-06-21,2022-06-23,2,225.76861844512587,235.07000732421875,True
train,high,2022-06-29,2022-06-24,5,250.88852972264272,245.7066650390625,True
train,low,2022-07-07,2022-07-12,5,234.67932049026808,233.07000732421875,True
train,high,2022-07-14,,,248.86959120004371,,False
train,low,2022-07-19,,,246.44038579186395,,False
train,high,2022-08-08,2022-08-04,4,313.26233610754025,308.6333312988281,True
train,low,2022-08-15,,,294.8361345894923,,False
train,high,2022-08-19,2022-08-15,4,312.0496390449389,309.32000732421875,True
train,low,2022-09-08,2022-09-13,5,280.9612032288228,292.1300048828125,True
train,high,2022-09-21,2022-09-19,2,314.3856896064008,309.07000732421875,True
train,low,2022-10-18,2022-10-20,2,220.21970065126334,207.27999877929685,True
train,high,2022-10-21,2022-10-19,2,224.82770796016916,222.03999328613284,True
train,low,2022-10-26,,,222.36040080152998,,False
train,high,2022-11-03,,,235.57152632415773,,False
train,low,2022-11-16,2022-11-21,5,190.47919042791216,167.8699951171875,True
train,high,2022-11-21,2022-11-23,2,192.45225506339943,183.1999969482422,True
train,low,2022-11-28,2022-11-29,1,183.49883673477473,180.8300018310547,True
train,high,2022-12-07,2022-12-09,2,199.95189606215854,179.0500030517578,True
train,low,2023-01-06,2023-01-03,3,122.79236693853329,108.0999984741211,True
train,high,2023-02-13,2023-02-15,2,213.18186749276288,214.24000549316406,True
train,low,2023-02-15,2023-02-13,2,212.58116941006188,194.63999938964844,True
train,high,2023-02-22,2023-02-27,5,216.53954131966907,207.6300048828125,True
train,low,2023-02-28,2023-03-02,2,208.77995752670267,190.89999389648438,True
train,high,2023-03-03,,,210.4451447290287,,False
train,low,2023-03-16,2023-03-17,1,183.0165931054139,180.1300048828125,True
train,high,2023-03-28,2023-03-31,3,204.63492138570837,207.4600067138672,True
train,low,2023-03-31,2023-03-28,3,201.90369396022015,189.19000244140625,True
train,high,2023-04-05,,,205.81513390851705,,False
train,low,2023-04-17,2023-04-12,5,189.28997042527692,180.5399932861328,True
train,high,2023-04-20,2023-04-17,3,190.85498957703487,187.03999328613284,True
train,low,2023-05-02,2023-05-02,0,163.5551075314836,160.30999755859375,True
train,high,2023-05-16,2023-05-11,5,181.02192935317157,172.0800018310547,True
train,low,2023-05-19,2023-05-15,4,178.1817590628193,166.35000610351562,True
train,high,2023-06-23,2023-06-20,3,273.48239133470565,274.45001220703125,True
train,low,2023-06-30,2023-06-26,4,256.7592793418455,241.0500030517578,True
train,high,2023-07-11,,,288.09766441366514,,False
train,low,2023-07-14,2023-07-10,4,281.73907057340125,269.6099853515625,True
train,high,2023-07-21,2023-07-18,3,296.15166981660786,293.3399963378906,True
train,low,2023-07-31,2023-07-27,4,265.5899555237809,255.7100067138672,True
train,high,2023-08-03,2023-07-31,3,267.87054305447805,267.42999267578125,True
train,low,2023-08-23,2023-08-24,1,229.86480590401038,230.03999328613278,True
train,high,2023-09-06,2023-09-11,5,265.21618388856746,273.5799865722656,True
train,low,2023-09-11,2023-09-08,3,260.1264259796394,248.5,True
train,high,2023-09-19,2023-09-14,5,280.93303962031223,276.0400085449219,True
train,low,2023-09-29,2023-09-27,2,247.86989389102837,240.49999999999997,True
train,high,2023-10-13,2023-10-10,3,271.8029893763926,263.6199951171875,True
train,low,2023-11-02,2023-10-30,3,209.2674582891234,197.36000061035156,True
train,high,2023-11-10,2023-11-07,3,231.6316790225087,222.17999267578125,True
train,low,2023-11-14,2023-11-16,2,228.8566329220955,233.5899963378906,True
train,high,2023-11-24,2023-11-21,3,245.60653468890473,241.19999694824216,True
train,low,2023-11-28,,,243.65103630097587,,False
train,high,2023-12-04,2023-12-08,4,249.6171123118486,243.83999633789062,True
train,low,2023-12-08,2023-12-04,4,246.4397542711381,235.5800018310547,True
train,high,2023-12-12,,,247.5557289488861,,False
train,low,2023-12-14,2023-12-12,2,246.99054005787525,237.0099945068359,True
train,high,2023-12-22,2023-12-19,3,262.27258823021907,257.2200012207031,True
train,low,2023-12-27,,,261.86185601357715,,False
train,high,2023-12-29,2023-12-27,2,263.601064092559,261.44000244140625,True
train,low,2024-02-07,2024-02-05,2,191.84349124230516,181.05999755859375,True
train,high,2024-02-23,,,205.08607092880447,,False
train,low,2024-02-27,2024-02-23,4,204.3405773309089,191.97000122070312,True
train,high,2024-03-05,2024-03-01,4,207.73209845285828,202.63999938964844,True
train,low,2024-03-20,2024-03-22,2,174.10452830502118,170.8300018310547,True
train,high,2024-04-02,,,185.77505901694587,,False
train,low,2024-04-10,2024-04-05,5,175.90542598753837,164.89999389648438,True
train,high,2024-04-16,,,178.01373023250017,,False
train,low,2024-04-25,2024-04-22,3,152.63736060407916,142.0500030517578,True
train,high,2024-05-06,2024-05-06,0,196.2816804121686,184.75999450683594,True
train,low,2024-05-16,,,177.4460374172079,,False
train,high,2024-05-28,2024-05-30,2,187.69616722359353,178.7899932861328,True
train,low,2024-06-13,2024-06-11,2,181.55429024574937,170.66000366210938,True
train,high,2024-07-12,2024-07-10,2,271.39429575297095,263.260009765625,True
train,low,2024-07-31,,,228.9532334345281,,False
train,high,2024-08-02,2024-07-29,4,230.03407561715926,232.10000610351562,True
train,low,2024-08-13,2024-08-12,1,202.23773518626012,197.49000549316406,True
train,high,2024-08-23,2024-08-21,2,231.7770063446303,223.27000427246094,True
train,low,2024-09-04,2024-09-06,2,214.13442233355931,210.72999572753906,True
train,high,2024-10-02,2024-09-30,2,267.84766427730483,261.6300048828125,True
train,low,2024-10-22,2024-10-23,1,223.1308893249959,213.64999389648438,True
train,high,2024-10-31,,,273.88277547489247,,False
train,low,2024-11-06,2024-11-04,2,257.65109739985087,242.83999633789065,True
train,high,2024-11-14,2024-11-11,3,347.0982859362848,350.0,True
train,low,2024-11-19,2024-11-14,5,335.1908629366462,311.17999267578125,True
train,high,2024-11-27,2024-11-22,5,351.34587217970784,352.55999755859375,True
train,low,2024-12-02,2024-11-27,5,347.33055261166464,332.8900146484375,True
train,high,2024-12-19,2024-12-17,2,465.49557003180684,479.85998535156244,True
train,low,2024-12-26,,,437.2729309523392,,False
train,high,2024-12-30,,,444.53896467908993,,False
train,low,2025-01-14,,,401.87391193056914,,False
train,high,2025-01-22,,,431.2787134915779,,False
train,low,2025-01-31,2025-01-29,2,400.2566870654745,389.1000061035156,True
train,high,2025-02-03,2025-01-31,3,403.0152582304608,404.6000061035156,True
train,low,2025-02-14,2025-02-11,3,347.5107465254396,328.5,True
train,high,2025-02-21,2025-02-19,2,361.9558635463718,360.55999755859375,True
train,low,2025-03-21,2025-03-18,3,242.07181347254186,225.30999755859375,True
train,low,,2021-12-31,,,352.260009765625,False
train,high,,2022-01-12,,,368.739990234375,False
train,high,,2022-01-26,,,312.4700012207031,False
train,low,,2022-01-27,,,276.3666687011719,False
train,high,,2022-01-31,,,312.239990234375,False
train,high,,2022-02-04,,,307.7733459472656,False
train,low,,2022-02-23,,,254.67999267578125,False
train,high,,2022-03-02,,,293.2966613769531,False
train,low,,2022-03-07,,,268.1933288574219,False
train,high,,2022-03-29,,,366.5233459472656,False
train,low,,2022-03-31,,,359.20001220703125,False
train,low,,2022-04-11,,,325.30999755859375,False
train,high,,2022-04-13,,,340.7900085449219,False
train,low,,2022-04-14,,,328.3333435058594,False
train,high,,2022-04-19,,,342.7166748046875,False
train,low,,2022-04-26,,,292.1400146484375,False
train,high,,2022-05-04,,,317.5400085449219,False
train,high,,2022-05-27,,,253.2100067138672,False
train,high,,2022-06-02,,,258.3333435058594,False
train,low,,2022-06-03,,,234.51666259765622,False
train,low,,2022-06-13,,,215.73666381835938,False
train,high,,2022-06-15,,,233.0,False
train,low,,2022-06-16,,,213.10000610351562,False
train,high,,2022-06-21,,,237.0366668701172,False
train,low,,2022-06-30,,,224.47332763671878,False
train,high,,2022-07-08,,,250.76333618164062,False
train,high,,2022-07-22,,,272.24334716796875,False
train,low,,2022-07-26,,,258.8599853515625,False
train,low,,2022-08-09,,,283.3333435058594,False
train,low,,2022-08-22,,,289.913330078125,False
train,high,,2022-08-24,,,297.0966796875,False
train,low,,2022-09-02,,,270.2099914550781,False
train,high,,2022-09-12,,,304.4200134277344,False
train,low,,2022-09-23,,,275.3299865722656,False
train,high,,2022-09-28,,,287.80999755859375,False
train,low,,2022-10-11,,,216.5,False
train,high,,2022-10-13,,,221.72000122070312,False
train,low,,2022-10-14,,,204.99000549316406,False
train,high,,2022-10-28,,,228.52000427246097,False
train,low,,2022-11-09,,,177.58999633789062,False
train,high,,2022-11-11,,,195.97000122070312,False
train,high,,2022-12-02,,,194.86000061035153,False
train,low,,2022-12-27,,,109.0999984741211,False
train,high,,2022-12-30,,,123.18000030517578,False
train,low,,2023-01-13,,,122.4000015258789,False
train,high,,2023-01-17,,,131.49000549316406,False
train,low,,2023-01-19,,,127.16999816894531,False
train,high,,2023-01-27,,,177.89999389648438,False
train,high,,2023-02-09,,,207.32000732421875,False
train,low,,2023-02-21,,,197.3699951171875,False
train,low,,2023-02-24,,,196.88000488281253,False
train,low,,2023-03-09,,,172.9199981689453,False
train,high,,2023-03-16,,,184.1300048828125,False
train,high,,2023-03-21,,,197.58000183105472,False
train,high,,2023-04-11,,,186.78999328613284,False
train,low,,2023-04-26,,,153.75,False
train,high,,2023-04-28,,,164.30999755859375,False
train,high,,2023-05-08,,,171.7899932861328,False
train,high,,2023-05-22,,,188.8699951171875,False
train,low,,2023-05-24,,,182.89999389648438,False
train,high,,2023-06-13,,,258.7099914550781,False
train,low,,2023-06-15,,,255.89999389648435,False
train,high,,2023-07-05,,,282.4800109863281,False
train,low,,2023-07-21,,,260.0199890136719,False
train,high,,2023-07-24,,,269.05999755859375,False
train,low,,2023-08-09,,,242.19000244140625,False
train,low,,2023-08-18,,,215.49000549316406,False
train,high,,2023-08-31,,,258.0799865722656,False
train,low,,2023-09-01,,,245.00999450683594,False
train,low,,2023-10-03,,,246.52999877929685,False
train,high,,2023-10-04,,,261.1600036621094,False
train,low,,2023-10-09,,,259.6700134277344,False
train,low,,2023-10-13,,,251.1199951171875,False
train,high,,2023-10-17,,,254.85000610351562,False
train,low,,2023-10-20,,,211.99000549316406,False
train,high,,2023-10-24,,,216.52000427246094,False
train,low,,2023-11-09,,,209.97999572753906,False
train,high,,2023-11-15,,,242.83999633789065,False
train,low,,2023-11-22,,,234.2100067138672,False
train,high,,2023-11-28,,,246.7200012207031,False
train,low,,2023-12-20,,,247.13999938964844,False
train,high,,2024-01-08,,,240.4499969482422,False
train,low,,2024-01-25,,,182.6300048828125,False
train,high,,2024-01-30,,,191.58999633789062,False
train,low,,2024-01-31,,,187.2899932861328,False
train,high,,2024-02-09,,,193.57000732421875,False
train,low,,2024-02-13,,,184.02000427246094,False
train,high,,2024-02-15,,,200.4499969482422,False
train,low,,2024-02-20,,,193.75999450683597,False
train,low,,2024-03-08,,,175.33999633789062,False
train,low,,2024-03-14,,,162.5,False
train,high,,2024-03-20,,,175.66000366210938,False
train,high,,2024-03-27,,,179.8300018310547,False
train,low,,2024-04-02,,,166.6300048828125,False
train,high,,2024-04-09,,,176.8800048828125,False
train,high,,2024-04-29,,,194.0500030517578,False
train,low,,2024-05-01,,,179.99000549316406,False
train,low,,2024-05-10,,,168.47000122070312,False
train,high,,2024-05-14,,,177.5500030517578,False
train,high,,2024-05-21,,,186.60000610351562,False
train,low,,2024-05-23,,,173.74000549316406,False
train,low,,2024-05-29,,,176.19000244140625,False
train,low,,2024-06-04,,,174.77000427246094,False
train,high,,2024-06-06,,,177.94000244140625,False
train,high,,2024-06-17,,,187.44000244140622,False
train,low,,2024-06-20,,,181.57000732421875,False
train,low,,2024-07-11,,,241.02999877929688,False
train,high,,2024-07-16,,,256.55999755859375,False
train,low,,2024-07-19,,,239.1999969482422,False
train,high,,2024-07-22,,,251.50999450683594,False
train,low,,2024-07-24,,,215.99000549316406,False
train,low,,2024-08-07,,,191.75999450683594,False
train,low,,2024-08-22,,,210.66000366210938,False
train,low,,2024-08-28,,,205.75000000000003,False
train,high,,2024-09-05,,,230.16999816894528,False
train,high,,2024-09-13,,,230.28999328613278,False
train,low,,2024-09-16,,,226.77999877929688,False
train,low,,2024-09-26,,,254.22000122070312,False
train,low,,2024-10-03,,,240.66000366210938,False
train,high,,2024-10-04,,,250.08000183105466,False
train,low,,2024-10-11,,,217.80000305175784,False
train,high,,2024-10-16,,,221.3300018310547,False
train,high,,2024-10-25,,,269.19000244140625,False
train,high,,2024-11-19,,,346.0,False
train,low,,2024-12-20,,,421.05999755859375,False
train,high,,2024-12-24,,,462.2799987792969,False
train,low,,2025-01-02,,,379.2799987792969,False
train,high,,2025-01-06,,,411.0499877929688,False
train,low,,2025-01-07,,,394.3599853515625,False
train,high,,2025-01-15,,,428.2200012207031,False
train,high,,2025-02-13,,,355.94000244140625,False
train,low,,2025-02-18,,,354.1099853515625,False
train,low,,2025-02-27,,,281.95001220703125,False
train,high,,2025-02-28,,,292.9800109863281,False
train,low,,2025-03-10,,,222.14999389648438,False
train,high,,2025-03-14,,,249.97999572753906,False
train,high,,2025-03-25,,,288.1400146484375,False
validate,low,2025-04-10,2025-04-11,1,249.24443752842217,252.30999755859375,True
validate,high,2025-04-17,2025-04-15,2,259.5164212757154,254.11000061035156,True
validate,low,2025-04-24,2025-04-21,3,247.9698625139988,227.50000000000003,True
validate,high,2025-05-05,2025-05-02,3,298.7328390541861,287.2099914550781,True
validate,low,2025-05-09,2025-05-06,3,284.89398193006673,275.3500061035156,True
validate,high,2025-05-21,2025-05-16,5,356.4648683903115,349.9800109863281,True
validate,low,2025-05-27,,,346.2043628091933,,False
validate,high,2025-06-02,,,362.1415527983927,,False
validate,low,2025-06-11,2025-06-12,1,308.15667938735623,319.1099853515625,True
validate,low,2025-06-23,,,332.83438212573765,,False
validate,high,2025-06-26,2025-06-23,3,346.5918727900216,348.67999267578125,True
validate,low,2025-07-11,2025-07-07,4,304.8119461956744,293.94000244140625,True
validate,high,2025-07-24,2025-07-23,1,339.10004270550326,332.55999755859375,True
validate,low,2025-08-06,2025-08-01,5,313.23184584372393,302.6300048828125,True
validate,high,2025-08-15,2025-08-12,3,349.65344095168257,340.8399963378906,True
validate,low,2025-08-25,2025-08-21,4,332.6220582101214,320.1099853515625,True
validate,high,2025-09-02,2025-09-05,3,355.6409665086121,350.8399963378906,True
validate,low,2025-09-05,2025-09-02,3,342.9270139868904,329.3599853515625,True
validate,high,2025-09-25,2025-09-24,1,435.94819989711044,442.7900085449218,True
validate,high,2025-10-03,2025-10-01,2,451.97331529824527,459.4599914550781,True
validate,low,2025-10-15,2025-10-16,1,431.25841619386296,428.75,True
validate,low,2025-10-27,2025-10-24,3,447.1078137228587,433.72000122070307,True
validate,high,2025-10-30,2025-10-29,1,458.47274933968396,461.510009765625,True
validate,low,2025-11-03,2025-11-04,1,456.2813945796178,444.260009765625,True
validate,high,2025-11-04,2025-11-03,1,459.65083463478453,468.36999511718756,True
validate,low,2025-11-24,2025-11-21,3,405.427800354927,391.0899963378906,True
validate,high,2025-12-09,2025-12-05,4,453.59931497763586,455.00000000000006,True
validate,low,2025-12-12,2025-12-08,4,450.8650296623172,439.5799865722656,True
validate,high,2025-12-23,2025-12-22,1,486.570325156812,488.7300109863281,True
validate,low,,2025-04-08,,,221.8600006103516,False
validate,high,,2025-04-09,,,272.20001220703125,False
validate,high,,2025-04-29,,,292.0299987792969,False
validate,low,,2025-05-21,,,334.6199951171875,False
validate,high,,2025-05-27,,,362.8900146484375,False
validate,low,,2025-06-05,,,284.70001220703125,False
validate,high,,2025-06-11,,,326.42999267578125,False
validate,high,,2025-06-16,,,329.1300048828125,False
validate,low,,2025-06-17,,,316.3500061035156,False
validate,low,,2025-07-01,,,300.7099914550781,False
validate,low,,2025-07-15,,,310.7799987792969,False
validate,low,,2025-07-24,,,305.29998779296875,False
validate,high,,2025-07-28,,,325.5899963378906,False
validate,high,,2025-08-26,,,351.6700134277344,False
validate,low,,2025-09-18,,,416.8500061035156,False
validate,low,,2025-09-25,,,423.39001464843744,False
validate,low,,2025-10-03,,,429.82998657226557,False
validate,high,,2025-10-06,,,453.25,False
validate,low,,2025-10-10,,,413.489990234375,False
validate,high,,2025-10-13,,,435.8999938964844,False
validate,high,,2025-10-20,,,447.42999267578125,False
validate,low,,2025-10-30,,,440.1000061035156,False
validate,low,,2025-11-07,,,429.5199890136718,False
validate,low,,2025-11-13,,,401.989990234375,False
validate,high,,2025-11-17,,,408.9200134277344,False
validate,high,,2025-11-28,,,430.1700134277344,False
validate,low,,2025-12-02,,,429.23999023437506,False
validate,high,,2025-12-16,,,489.88000488281244,False
validate,low,,2025-12-17,,,467.260009765625,False
test,low,2026-01-09,2026-01-07,2,438.2095759025687,431.4100036621094,True
test,high,2026-01-15,2026-01-12,3,449.07408120105987,448.9599914550781,True
test,low,2026-01-22,2026-01-20,2,436.2641375290095,419.25,True
test,high,2026-01-27,2026-01-22,5,444.84142986883757,449.3599853515625,True
test,low,2026-02-09,2026-02-05,4,410.63095501173296,397.2099914550781,True
test,high,2026-02-17,2026-02-20,3,428.41191961694125,411.82000732421875,True
test,low,2026-02-25,2026-02-23,2,411.0532983462817,399.8299865722656,True
test,high,2026-02-27,2026-02-25,2,414.5694284788205,417.3999938964844,True
test,low,2026-03-05,2026-03-06,1,405.27703309111433,396.7300109863281,True
test,low,2026-03-11,2026-03-13,2,404.6417010822906,391.20001220703125,True
test,high,2026-03-13,2026-03-11,2,407.46922987881493,407.82000732421875,True
test,low,2026-03-25,2026-03-20,5,383.50095758108995,367.9599914550781,True
test,high,2026-03-27,2026-03-25,2,385.08538768568445,385.95001220703125,True
test,low,2026-04-01,2026-03-30,2,372.21566005158724,355.2799987792969,True
test,high,2026-04-06,2026-04-01,5,374.1777173916161,381.260009765625,True
test,low,2026-04-14,,,351.34498583482946,,False
test,high,2026-04-22,2026-04-17,5,404.1717610277728,400.61999511718744,True
test,low,2026-04-30,2026-04-29,1,377.93417993792804,372.79998779296875,True
test,high,2026-05-15,2026-05-13,2,449.44727671210234,445.2699890136719,True
test,low,2026-05-22,2026-05-19,3,414.78201829790027,404.1099853515625,True
test,high,2026-06-01,2026-05-28,4,444.77659374098397,442.1000061035156,True
test,low,2026-06-12,2026-06-10,2,399.18926192843986,381.5899963378906,True
test,high,2026-06-18,2026-06-15,3,410.1606604192638,411.1499938964844,True
test,low,2026-06-29,2026-07-02,3,384.4840026857027,393.4500122070313,True
test,high,2026-07-07,2026-07-10,3,423.55776325599794,407.760009765625,True
test,low,2026-08-03,2026-08-06,3,305.1897950173284,319.5299987792969,True
test,high,2026-08-26,2026-08-21,5,361.2135053934835,362.8599853515625,True
test,low,2026-08-31,2026-09-04,4,358.48826079592436,354.0799865722656,True
test,high,2026-09-10,,,373.0223225254021,,False
test,low,2026-09-17,2026-09-15,2,366.89448857422485,356.5799865722656,True
test,high,2026-09-28,2026-09-23,5,386.7677145820962,380.1199951171875,True
test,high,,2026-01-05,,,451.6700134277343,False
test,low,,2026-01-29,,,416.55999755859375,False
test,high,,2026-02-11,,,428.2699890136719,False
test,low,,2026-02-17,,,410.6300048828125,False
test,low,,2026-03-03,,,392.4299926757812,False
test,high,,2026-03-04,,,405.9400024414062,False
test,high,,2026-03-17,,,399.2699890136718,False
test,low,,2026-04-08,,,343.25,False
test,low,,2026-04-23,,,373.7200012207032,False
test,high,,2026-04-27,,,378.6700134277344,False
test,low,,2026-05-05,,,389.36999511718756,False
test,low,,2026-06-01,,,415.8800048828125,False
test,low,,2026-06-05,,,391.0,False
test,low,,2026-06-17,,,396.3800048828125,False
test,high,,2026-06-22,,,405.04998779296875,False
test,low,,2026-06-25,,,375.11999511718744,False
test,high,,2026-07-01,,,425.29998779296875,False
test,low,,2026-07-08,,,394.05999755859375,False
test,low,,2026-07-20,,,369.57000732421875,False
test,low,,2026-07-29,,,298.32000732421875,False
test,high,,2026-08-04,,,327.3500061035156,False
test,low,,2026-08-12,,,327.510009765625,False
test,high,,2026-08-14,,,342.2699890136719,False
test,low,,2026-08-18,,,336.8699951171875,False
test,low,,2026-08-26,,,345.82000732421875,False
test,high,,2026-08-31,,,367.95001220703125,False
test,high,,2026-09-03,,,376.3699951171875,False
